{
  "mat3": -4.895294114248827E-5,
  "mat2": 0,
  "mat1": 0.050848204642534256,
  "mat0": 4.071824550628662,
  "mat7": -1.4869225560687482E-4,
  "mat6": 0,
  "mat5": -3.9284276962280273,
  "mat4": -0.10805361717939377,
  "mat15": 1.008713960647583,
  "mat9": 0,
  "mat8": 0,
  "mat12": 980.119873046875,
  "mat11": 0,
  "mat14": 0,
  "mat13": 484.81640625,
  "mat10": 1
}